{
  "model_name": "FremyCompany/BioLORD-2023",
  "short_name": "biolord-2023",
  "description": "BioLORD 2023 - Best zero-shot (Pearson 0.2234)",
  "config": {
    "lr": 2e-05,
    "batch_size": 16,
    "dim": 768
  },
  "duration_seconds": 3724.317647,
  "zero_shot": {
    "MAE_mean": 0.0445020471861247,
    "RMSE_mean": 0.056704060335078334,
    "R2_mean": 0.3137899259212829,
    "Pearson_mean": 0.5604911570633504,
    "Spearman_mean": 0.5559316250206517,
    "MAE_std": 0.0004530123604072522,
    "RMSE_std": 0.0006227030278401112,
    "R2_std": 0.006487399170240843,
    "Pearson_std": 0.005562447795349179,
    "Spearman_std": 0.0079026258629917,
    "n_samples": 23999,
    "n_folds": 5
  },
  "finetuned": {
    "MAE_mean": 0.0445020471861247,
    "RMSE_mean": 0.056704060335078334,
    "R2_mean": 0.3137899259212829,
    "Pearson_mean": 0.5604911570633504,
    "Spearman_mean": 0.5559316250206517,
    "MAE_std": 0.0004530123604072522,
    "RMSE_std": 0.0006227030278401112,
    "R2_std": 0.006487399170240843,
    "Pearson_std": 0.005562447795349179,
    "Spearman_std": 0.0079026258629917,
    "n_samples": 23999,
    "n_folds": 5
  },
  "improvement": {
    "pearson": 0.0,
    "percent": 0.0
  },
  "training_history": {
    "train_loss": [
      0.1947241933643818,
      0.19472419475515684,
      0.19472419346372286,
      0.1947241933643818
    ],
    "val_loss": [
      0.0,
      0.0,
      0.0,
      0.0
    ]
  },
  "timestamp": "2026-02-28T03:10:58.117386"
}