{
  "model_name": "ncbi/MedCPT-Article-Encoder",
  "short_name": "medcpt-article",
  "description": "MedCPT Article Encoder (Pearson 0.0959)",
  "config": {
    "lr": 2e-05,
    "batch_size": 16,
    "dim": 768
  },
  "duration_seconds": 5375.102191,
  "zero_shot": {
    "MAE_mean": 0.046047391378951065,
    "RMSE_mean": 0.05806089185350927,
    "R2_mean": 0.28049499575733383,
    "Pearson_mean": 0.5361465720042611,
    "Spearman_mean": 0.5311099797867492,
    "MAE_std": 0.0002459730937871008,
    "RMSE_std": 0.0004634125533292645,
    "R2_std": 0.008744375854905203,
    "Pearson_std": 0.010696563033533278,
    "Spearman_std": 0.013864594460863886,
    "n_samples": 23999,
    "n_folds": 5
  },
  "finetuned": {
    "MAE_mean": 0.046047391378951065,
    "RMSE_mean": 0.05806089185350927,
    "R2_mean": 0.28049499575733383,
    "Pearson_mean": 0.5361465720042611,
    "Spearman_mean": 0.5311099797867492,
    "MAE_std": 0.0002459730937871008,
    "RMSE_std": 0.0004634125533292645,
    "R2_std": 0.008744375854905203,
    "Pearson_std": 0.010696563033533278,
    "Spearman_std": 0.013864594460863886,
    "n_samples": 23999,
    "n_folds": 5
  },
  "improvement": {
    "pearson": 0.0,
    "percent": 0.0
  },
  "training_history": {
    "train_loss": [
      0.1821052548289299,
      0.1821052550772826,
      0.18210525453090667,
      0.18210525343815487
    ],
    "val_loss": [
      0.0,
      0.0,
      0.0,
      0.0
    ]
  },
  "timestamp": "2026-02-28T09:21:04.107061"
}