{
  "model_name": "abhinand/MedEmbed-small-v0.1",
  "short_name": "medembed-small",
  "description": "MedEmbed Small v0.1 (Pearson 0.1620)",
  "config": {
    "lr": 3e-05,
    "batch_size": 32,
    "dim": 384
  },
  "duration_seconds": 5799.459716,
  "zero_shot": {
    "MAE_mean": 0.04564089322565738,
    "RMSE_mean": 0.05789463937667105,
    "R2_mean": 0.2846387245395437,
    "Pearson_mean": 0.5338901097629615,
    "Spearman_mean": 0.5268180077300282,
    "MAE_std": 0.00047811471061065514,
    "RMSE_std": 0.0005952739592106251,
    "R2_std": 0.008820396220848969,
    "Pearson_std": 0.007795865835755107,
    "Spearman_std": 0.010653604261867409,
    "n_samples": 23999,
    "n_folds": 5
  },
  "finetuned": {
    "MAE_mean": 0.04564089322565738,
    "RMSE_mean": 0.05789463937667105,
    "R2_mean": 0.2846387245395437,
    "Pearson_mean": 0.5338901097629615,
    "Spearman_mean": 0.5268180077300282,
    "MAE_std": 0.00047811471061065514,
    "RMSE_std": 0.0005952739592106251,
    "R2_std": 0.008820396220848969,
    "Pearson_std": 0.007795865835755107,
    "Spearman_std": 0.010653604261867409,
    "n_samples": 23999,
    "n_folds": 5
  },
  "improvement": {
    "pearson": 0.0,
    "percent": 0.0
  },
  "training_history": {
    "train_loss": [
      0.18569968938827514,
      0.18569968938827514,
      0.18569969127575556,
      0.18569969028234481
    ],
    "val_loss": [
      0.0,
      0.0,
      0.0,
      0.0
    ]
  },
  "timestamp": "2026-02-28T04:47:37.580284"
}