{
  "model_name": "cambridgeltl/SapBERT-from-PubMedBERT-fulltext",
  "short_name": "sapbert-pubmed",
  "description": "SapBERT from PubMedBERT (Pearson 0.1164)",
  "config": {
    "lr": 2e-05,
    "batch_size": 16,
    "dim": 768
  },
  "duration_seconds": 5437.101328,
  "zero_shot": {
    "MAE_mean": 0.046660676859244535,
    "RMSE_mean": 0.05914391596549397,
    "R2_mean": 0.25337733014752745,
    "Pearson_mean": 0.5045091500576879,
    "Spearman_mean": 0.500494855677391,
    "MAE_std": 0.00020737031665430276,
    "RMSE_std": 0.00037230058820909455,
    "R2_std": 0.009705378299024894,
    "Pearson_std": 0.008280350714789757,
    "Spearman_std": 0.008173366425545113,
    "n_samples": 23999,
    "n_folds": 5
  },
  "finetuned": {
    "MAE_mean": 0.046660676859244535,
    "RMSE_mean": 0.05914391596549397,
    "R2_mean": 0.25337733014752745,
    "Pearson_mean": 0.5045091500576879,
    "Spearman_mean": 0.500494855677391,
    "MAE_std": 0.00020737031665430276,
    "RMSE_std": 0.00037230058820909455,
    "R2_std": 0.009705378299024894,
    "Pearson_std": 0.008280350714789757,
    "Spearman_std": 0.008173366425545113,
    "n_samples": 23999,
    "n_folds": 5
  },
  "improvement": {
    "pearson": 0.0,
    "percent": 0.0
  },
  "training_history": {
    "train_loss": [
      0.18218918631474176,
      0.1821891873081525,
      0.18218918586770694,
      0.18218918720881144
    ],
    "val_loss": [
      0.0,
      0.0,
      0.0,
      0.0
    ]
  },
  "timestamp": "2026-02-28T07:51:28.474379"
}