{
  "e5": {
    "zero_shot": 0.1526301040854237,
    "finetuned": 0.7269489704274369,
    "improvement": 0.5743188663420131
  },
  "bge-base": {
    "zero_shot": 0.14944081389827746,
    "finetuned": 0.555074883709438,
    "improvement": 0.40563406981116057
  },
  "bge-large": {
    "zero_shot": 0.14197528337640555,
    "finetuned": 0.6024615367593803,
    "improvement": 0.4604862533829748
  }
}